country_code,year,gdp_usd
USA,1990,24165.00
IDN,1990,1497.00
BRA,1990,3064.00
DEU,1990,17625.00
ITA,1990,12255.00
CHN,1990,4303.00
GBR,1990,16007.00
FRA,1990,15008.00
KOR,1990,12048.00
BGD,1990,861.00
AUS,1990,20792.00
IND,1990,775.00
JPN,1990,13528.00
NGA,1990,709.00
PAK,1990,516.00
USA,1991,25011.00
IDN,1991,1550.00
BRA,1991,3171.00
DEU,1991,18241.00
ITA,1991,12684.00
CHN,1991,4453.00
GBR,1991,16567.00
FRA,1991,15534.00
KOR,1991,12470.00
BGD,1991,891.00
AUS,1991,21519.00
IND,1991,802.00
JPN,1991,14002.00
NGA,1991,734.00
PAK,1991,534.00
CHN,1992,4609.00
GBR,1992,17147.00
FRA,1992,16077.00
KOR,1992,12906.00
BGD,1992,922.00
AUS,1992,22272.00
IND,1992,830.00
JPN,1992,14492.00
NGA,1992,760.00
PAK,1992,553.00
USA,1992,25886.00
IDN,1992,1604.00
BRA,1992,3282.00
DEU,1992,18880.00
ITA,1992,13127.00
IND,1993,859.00
JPN,1993,14999.00
NGA,1993,786.00
PAK,1993,572.00
USA,1993,26792.00
IDN,1993,1660.00
BRA,1993,3397.00
DEU,1993,19541.00
ITA,1993,13587.00
CHN,1993,4771.00
GBR,1993,17747.00
FRA,1993,16640.00
KOR,1993,13358.00
BGD,1993,954.00
AUS,1993,23052.00
USA,1994,27730.00
IDN,1994,1718.00
BRA,1994,3516.00
DEU,1994,20225.00
ITA,1994,14062.00
CHN,1994,4938.00
GBR,1994,18368.00
FRA,1994,17223.00
KOR,1994,13825.00
BGD,1994,988.00
AUS,1994,23859.00
IND,1994,889.00
JPN,1994,15524.00
NGA,1994,814.00
PAK,1994,593.00
USA,1995,28700.00
IDN,1995,1778.00
BRA,1995,3639.00
DEU,1995,20932.00
ITA,1995,14555.00
CHN,1995,5110.00
GBR,1995,19011.00
FRA,1995,17825.00
KOR,1995,14309.00
BGD,1995,1022.00
AUS,1995,24694.00
IND,1995,920.00
JPN,1995,16067.00
NGA,1995,842.00
PAK,1995,613.00
CHN,1996,5289.00
GBR,1996,19676.00
FRA,1996,18449.00
KOR,1996,14810.00
BGD,1996,1058.00
AUS,1996,25558.00
IND,1996,952.00
JPN,1996,16630.00
NGA,1996,872.00
PAK,1996,635.00
USA,1996,29705.00
IDN,1996,1841.00
BRA,1996,3766.00
DEU,1996,21665.00
ITA,1996,15064.00
BRA,1997,3898.00
DEU,1997,22423.00
ITA,1997,15591.00
CHN,1997,5474.00
GBR,1997,20365.00
FRA,1997,19095.00
KOR,1997,15328.00
BGD,1997,1095.00
AUS,1997,26453.00
IND,1997,985.00
JPN,1997,17212.00
NGA,1997,902.00
PAK,1997,657.00
USA,1997,30745.00
IDN,1997,1905.00
FRA,1998,19763.00
KOR,1998,15865.00
BGD,1998,1133.00
AUS,1998,27378.00
IND,1998,1020.00
JPN,1998,17814.00
NGA,1998,934.00
PAK,1998,680.00
USA,1998,31821.00
IDN,1998,1972.00
BRA,1998,4034.00
DEU,1998,23208.00
ITA,1998,16137.00
CHN,1998,5666.00
GBR,1998,21078.00
BRA,1999,4175.00
DEU,1999,24021.00
ITA,1999,16702.00
CHN,1999,5864.00
GBR,1999,21816.00
FRA,1999,20455.00
KOR,1999,16420.00
BGD,1999,1173.00
AUS,1999,28337.00
IND,1999,1056.00
JPN,1999,18438.00
NGA,1999,966.00
PAK,1999,704.00
USA,1999,32934.00
IDN,1999,2041.00
USA,2000,34087.00
IDN,2000,2112.00
BRA,2000,4322.00
DEU,2000,24861.00
ITA,2000,17286.00
CHN,2000,6070.00
GBR,2000,22579.00
FRA,2000,21171.00
KOR,2000,16995.00
BGD,2000,1214.00
AUS,2000,29328.00
IND,2000,1093.00
JPN,2000,19083.00
NGA,2000,1000.00
PAK,2000,728.00
GBR,2001,23369.00
FRA,2001,21912.00
KOR,2001,17590.00
BGD,2001,1256.00
AUS,2001,30355.00
IND,2001,1131.00
JPN,2001,19751.00
NGA,2001,1035.00
PAK,2001,754.00
USA,2001,35280.00
IDN,2001,2186.00
BRA,2001,4473.00
DEU,2001,25731.00
ITA,2001,17891.00
CHN,2001,6282.00
DEU,2002,26632.00
ITA,2002,18518.00
CHN,2002,6502.00
GBR,2002,24187.00
FRA,2002,22679.00
KOR,2002,18205.00
BGD,2002,1300.00
AUS,2002,31417.00
IND,2002,1170.00
JPN,2002,20442.00
NGA,2002,1072.00
PAK,2002,780.00
USA,2002,36515.00
IDN,2002,2263.00
BRA,2002,4629.00
IND,2003,1211.00
JPN,2003,21158.00
NGA,2003,1109.00
PAK,2003,808.00
USA,2003,37793.00
IDN,2003,2342.00
BRA,2003,4791.00
DEU,2003,27564.00
ITA,2003,19166.00
CHN,2003,6730.00
GBR,2003,25034.00
FRA,2003,23473.00
KOR,2003,18843.00
BGD,2003,1346.00
AUS,2003,32517.00
USA,2004,39116.00
IDN,2004,2424.00
BRA,2004,4959.00
DEU,2004,28529.00
ITA,2004,19836.00
CHN,2004,6965.00
GBR,2004,25910.00
FRA,2004,24294.00
KOR,2004,19502.00
BGD,2004,1393.00
AUS,2004,33655.00
IND,2004,1254.00
JPN,2004,21898.00
NGA,2004,1148.00
PAK,2004,836.00
CHN,2005,7209.00
GBR,2005,26817.00
FRA,2005,25144.00
KOR,2005,20185.00
BGD,2005,1442.00
AUS,2005,34833.00
IND,2005,1298.00
JPN,2005,22665.00
NGA,2005,1188.00
PAK,2005,865.00
USA,2005,40485.00
IDN,2005,2509.00
BRA,2005,5133.00
DEU,2005,29527.00
ITA,2005,20531.00
USA,2006,41902.00
IDN,2006,2596.00
BRA,2006,5312.00
DEU,2006,30561.00
ITA,2006,21249.00
CHN,2006,7461.00
GBR,2006,27755.00
FRA,2006,26024.00
KOR,2006,20891.00
BGD,2006,1492.00
AUS,2006,36052.00
IND,2006,1343.00
JPN,2006,23458.00
NGA,2006,1230.00
PAK,2006,895.00
CHN,2007,7722.00
GBR,2007,28727.00
FRA,2007,26935.00
KOR,2007,21622.00
BGD,2007,1544.00
AUS,2007,37314.00
IND,2007,1390.00
JPN,2007,24279.00
NGA,2007,1273.00
PAK,2007,927.00
USA,2007,43368.00
IDN,2007,2687.00
BRA,2007,5498.00
DEU,2007,31630.00
ITA,2007,21993.00
ITA,2008,22763.00
CHN,2008,7993.00
GBR,2008,29732.00
FRA,2008,27878.00
KOR,2008,22379.00
BGD,2008,1599.00
AUS,2008,38620.00
IND,2008,1439.00
JPN,2008,25129.00
NGA,2008,1317.00
PAK,2008,959.00
USA,2008,44886.00
IDN,2008,2781.00
BRA,2008,5691.00
DEU,2008,32737.00
USA,2009,46457.00
IDN,2009,2879.00
BRA,2009,5890.00
DEU,2009,33883.00
ITA,2009,23559.00
CHN,2009,8272.00
GBR,2009,30773.00
FRA,2009,28854.00
KOR,2009,23162.00
BGD,2009,1654.00
AUS,2009,39972.00
IND,2009,1489.00
JPN,2009,26008.00
NGA,2009,1363.00
PAK,2009,993.00
JPN,2010,26918.00
NGA,2010,1411.00
PAK,2010,1027.00
USA,2010,48083.00
IDN,2010,2980.00
BRA,2010,6096.00
DEU,2010,35069.00
ITA,2010,24384.00
CHN,2010,8562.00
GBR,2010,31850.00
FRA,2010,29864.00
KOR,2010,23973.00
BGD,2010,1712.00
AUS,2010,41371.00
IND,2010,1541.00
IDN,2011,3084.00
BRA,2011,6309.00
DEU,2011,36297.00
ITA,2011,25238.00
CHN,2011,8861.00
GBR,2011,32965.00
FRA,2011,30909.00
KOR,2011,24812.00
BGD,2011,1772.00
AUS,2011,42819.00
IND,2011,1595.00
JPN,2011,27861.00
NGA,2011,1460.00
PAK,2011,1063.00
USA,2011,49766.00
DEU,2012,37567.00
ITA,2012,26121.00
CHN,2012,9172.00
GBR,2012,34118.00
FRA,2012,31991.00
KOR,2012,25681.00
BGD,2012,1834.00
AUS,2012,44317.00
IND,2012,1651.00
JPN,2012,28836.00
NGA,2012,1511.00
PAK,2012,1101.00
USA,2012,51508.00
IDN,2012,3192.00
BRA,2012,6530.00
USA,2013,53311.00
IDN,2013,3303.00
BRA,2013,6759.00
DEU,2013,38882.00
ITA,2013,27035.00
CHN,2013,9493.00
GBR,2013,35313.00
FRA,2013,33110.00
KOR,2013,26579.00
BGD,2013,1899.00
AUS,2013,45868.00
IND,2013,1709.00
JPN,2013,29845.00
NGA,2013,1564.00
PAK,2013,1139.00
CHN,2014,9825.00
GBR,2014,36549.00
FRA,2014,34269.00
KOR,2014,27510.00
BGD,2014,1965.00
AUS,2014,47474.00
IND,2014,1768.00
JPN,2014,30889.00
NGA,2014,1619.00
PAK,2014,1179.00
USA,2014,55177.00
IDN,2014,3419.00
BRA,2014,6995.00
DEU,2014,40243.00
ITA,2014,27981.00
CHN,2015,10169.00
GBR,2015,37828.00
FRA,2015,35469.00
KOR,2015,28473.00
BGD,2015,2034.00
AUS,2015,49135.00
IND,2015,1830.00
JPN,2015,31971.00
NGA,2015,1676.00
PAK,2015,1220.00
USA,2015,57108.00
IDN,2015,3539.00
BRA,2015,7240.00
DEU,2015,41651.00
ITA,2015,28961.00
USA,2016,59107.00
IDN,2016,3663.00
BRA,2016,7494.00
DEU,2016,43109.00
ITA,2016,29974.00
CHN,2016,10525.00
GBR,2016,39152.00
FRA,2016,36710.00
KOR,2016,29469.00
BGD,2016,2105.00
AUS,2016,50855.00
IND,2016,1894.00
JPN,2016,33090.00
NGA,2016,1734.00
PAK,2016,1263.00
USA,2017,61175.00
IDN,2017,3791.00
BRA,2017,7756.00
DEU,2017,44618.00
ITA,2017,31023.00
CHN,2017,10893.00
GBR,2017,40522.00
FRA,2017,37995.00
KOR,2017,30500.00
BGD,2017,2179.00
AUS,2017,52635.00
IND,2017,1961.00
JPN,2017,34248.00
NGA,2017,1795.00
PAK,2017,1307.00
KOR,2018,31568.00
BGD,2018,2255.00
AUS,2018,54477.00
IND,2018,2029.00
JPN,2018,35446.00
NGA,2018,1858.00
PAK,2018,1353.00
USA,2018,63316.00
IDN,2018,3923.00
BRA,2018,8027.00
DEU,2018,46179.00
ITA,2018,32109.00
CHN,2018,11274.00
GBR,2018,41940.00
FRA,2018,39325.00
DEU,2019,47796.00
ITA,2019,33233.00
CHN,2019,11669.00
GBR,2019,43408.00
FRA,2019,40701.00
KOR,2019,32673.00
BGD,2019,2334.00
AUS,2019,56384.00
IND,2019,2100.00
JPN,2019,36687.00
NGA,2019,1923.00
PAK,2019,1400.00
USA,2019,65532.00
IDN,2019,4061.00
BRA,2019,8308.00
NGA,2020,1990.00
PAK,2020,1449.00
USA,2020,67826.00
IDN,2020,4203.00
BRA,2020,8599.00
DEU,2020,49469.00
ITA,2020,34396.00
CHN,2020,12077.00
GBR,2020,44928.00
FRA,2020,42126.00
KOR,2020,33816.00
BGD,2020,2415.00
AUS,2020,58357.00
IND,2020,2174.00
JPN,2020,37971.00
CHN,2021,12500.00
GBR,2021,46500.00
FRA,2021,43600.00
KOR,2021,35000.00
BGD,2021,2500.00
AUS,2021,60400.00
IND,2021,2250.00
JPN,2021,39300.00
NGA,2021,2060.00
PAK,2021,1500.00
USA,2021,70200.00
IDN,2021,4350.00
BRA,2021,8900.00
DEU,2021,51200.00
ITA,2021,35600.00
